{"nodes": {"0": [2, 3], "1": [2, 0], "2": [1, 2], "3": [1, 1], "4": [0, 1], "5": [3, 0], "6": [2, 2], "7": [1, 3], "8": [3, 1], "9": [3, 2], "10": [0, 0], "11": [0, 2], "12": [1, 0], "13": [0, 3], "14": [2, 1], "15": [3, 3]}, "graph": {"0": [9, 15, 6, 7], "1": [8, 3, 12, 14], "2": [4, 6, 7, 11, 13, 14], "3": [1, 6, 10, 11, 12, 14], "4": [11, 10, 2, 12], "5": [14], "6": [0, 2, 3, 7, 8, 9, 14], "7": [0, 2, 6, 11, 13], "8": [1, 6, 14], "9": [0, 6, 14], "10": [3, 4, 12], "11": [2, 3, 4, 7, 13], "12": [1, 3, 4, 10, 14], "13": [2, 11, 7], "14": [1, 2, 3, 5, 6, 8, 9, 12], "15": [0]}}