{"nodes": {"0": [5, 5], "1": [0, 5], "2": [1, 1], "3": [5, 4], "4": [5, 0], "5": [0, 3], "6": [1, 2], "7": [0, 2], "8": [5, 2], "9": [1, 3], "10": [2, 4], "11": [0, 1], "12": [3, 2], "13": [4, 3], "14": [4, 5], "15": [3, 1], "16": [2, 0], "17": [4, 2], "18": [2, 1], "19": [4, 4], "20": [5, 3], "21": [2, 3], "22": [4, 0], "23": [1, 4], "24": [3, 4], "25": [3, 5], "26": [1, 0], "27": [2, 5], "28": [0, 4], "29": [2, 2], "30": [3, 3], "31": [3, 0]}, "graph": {"0": [19, 3, 14], "1": [28, 23], "2": [6, 7, 11, 16, 18, 26, 29], "3": [0, 13, 14, 19, 20], "4": [22], "5": [9, 28, 7, 23], "6": [2, 7, 9, 11, 18, 21, 29], "7": [2, 5, 6, 9, 11], "8": [17, 20, 13], "9": [5, 6, 7, 10, 21, 23, 28, 29], "10": [9, 23, 24, 25, 27, 30], "11": [2, 26, 6, 7], "12": [13, 15, 17, 18, 21, 29, 30], "13": [3, 8, 12, 17, 19, 20, 24, 30], "14": [0, 25, 3], "15": [12, 16, 17, 18, 22, 29, 31], "16": [2, 15, 18, 26, 31], "17": [8, 12, 13, 15, 20], "18": [2, 6, 12, 15, 16, 26, 29, 31], "19": [0, 3, 13, 20, 25], "20": [3, 8, 13, 17, 19], "21": [6, 9, 12, 23, 24, 29, 30], "22": [4, 31, 15], "23": [1, 5, 9, 10, 21, 27, 28], "24": [10, 13, 21, 25, 30], "25": [10, 14, 19, 24, 27], "26": [16, 11, 18, 2], "27": [25, 10, 23], "28": [1, 5, 9, 23], "29": [2, 6, 9, 12, 15, 18, 21, 30], "30": [10, 12, 13, 21, 24, 29], "31": [16, 18, 22, 15]}}